<?xml version="1.0" encoding="UTF-8" standalone="yes"?>
<addon id="plugin.video.uwc"
       name="Ultimate Whitecream"
       version="1.1.56"
       provider-name="Whitecream">
    <requires>
        <import addon="xbmc.python" version="2.1.0"/>
        <import addon="script.module.urlresolver"  version="3.0.12" />
        <import addon="script.video.F4mProxy" version="2.5.7" />
    </requires>
    <extension point="xbmc.python.pluginsource"
               library="default.py">
        <provides>video</provides>
    </extension>
    <extension point="xbmc.addon.metadata">
        <platform>all</platform>
        <license>GPL 2.0</license>
        <summary lang="en">Watch [COLOR red][B]ADULT[/B][/COLOR] Movies with Ultimate WhiteCream</summary>
        <description lang="en">Watch [COLOR red][B]ADULT[/B][/COLOR] Movies with Ultimate WhiteCream</description>
		<disclaimer lang="en">The author does not host or distribute any of the content displayed by this addon. The author does not have any affiliation with the content provider.</disclaimer>
		<assets>
			<icon>icon.png</icon>
			<fanart>fanart.jpg</fanart>
		</assets>
        <news>[B]Version 1.1.56[/B]
Fixed: WatchXXXFree, Beeg, ElReyX, XvideoSpanish, HQPorner, StreamXXX, Xtasie, Ero-tik, K18, DaftSex, CzechHD (renamed to Czech3x), Xtheatre, PelisxPorno, Eroticage, SpankBang, AmateurCool, Vporn, xHamster, Porndig, CamSoda, HDZog, TubePornClassic categories, PornHub video listing, Milf.nl video listing, HQPorner preview images
Removed: HentaiHaven</news>
    </extension>
</addon>
